<?xml version='1.0' encoding='UTF-8'?>
<faces-config version="2.2"
              xmlns="http://xmlns.jcp.org/xml/ns/javaee"
              xmlns:xsi="http://www.w3.org/2001/XMLSchema-instance"
              xsi:schemaLocation="http://xmlns.jcp.org/xml/ns/javaee http://xmlns.jcp.org/xml/ns/javaee/web-facesconfig_2_2.xsd">

    
    
    
    
    
    <navigation-rule>
        <from-view-id>*</from-view-id>
        <navigation-case>
            <from-outcome>toContact</from-outcome>
            <to-view-id>/xhtml/contact.xhtml</to-view-id>
        </navigation-case>
        <navigation-case>
            <from-outcome>toCalendar</from-outcome>
            <to-view-id>/xhtml/calendar.xhtml</to-view-id>
        </navigation-case>
        <navigation-case>
            <from-outcome>toLogin</from-outcome>
            <to-view-id>/xhtml/login.xhtml</to-view-id>
        </navigation-case>
        <navigation-case>
            <from-outcome>toStart</from-outcome>
            <to-view-id>/index.xhtml</to-view-id>
        </navigation-case>
    </navigation-rule>
</faces-config>
